Acernaspis,aspera
Acernaspis,amelangorum
Acernaspis,becsciensis
Acernaspis,boltoni
Acernaspis,dispersa
Acernaspis,elliptifrons
Acernaspis,incerta
Acernaspis,konoverensis
Acernaspis,mimica
Acernaspis,nuda
Acernaspis,orestes
Acernaspis,pulcher
Acernaspis,quadrilineata
Acernaspis,rectifrons
Acernaspis,rubicundula
Acernaspis,salmoensis
Acernaspis,skidmorei
Acernaspis,sororia
Acernaspis,sufferta
Acernaspis,superciliexcelsis
Acernaspis,woodburnensis
Acernaspis,xynon
Ananaspis,amelangorum
Ananaspis,aspera
Ananaspis,decora
Ananaspis,fecunda
Ananaspis,macdonaldi
Ananaspis,nuda
Ananaspis,stokesii
Paciphacops,birdsongensis
Paciphacops,campbelli
Paciphacops,claviger
Paciphacops,crossei
Paciphacops,eldredgei
Paciphacops,hudsonicus
Paciphacops,latigenalis
Paciphacops,logani
Paciphacops,serratus
Kainops,ekphymus
Kainops,guttulus
Kainops,invius
Kainops,microps
Kainops,raymondi
Kainops,veles
Reedops,bronni
Reedops,cephalotes
Reedops,pembertoni
Barrandeops,forteyi
Barrandeops,granulops
Barrandeops,lebesus
Barrandeops,ovatus
Morocops,granulops
Morocops,struvei
Austerops,couvinensis
Austerops,hottonensis
Austerops,kermiti
Austerops,legrandi
Austerops,menchikoffi
Austerops,punctatus
Austerops,salamandar
Austerops,salamandaroides
Austerops,smoothops
Austerops,speculator
Austerops,speculator
Phacops,araw
Phacops,iowensis
Phacops,latifrons
Phacops,rana
Drotops,armatus
Drotops,megalomanicus
Acuticryphops,acuticeps
Trimerocephalus,caecus
Trimerocephalus,dianopsoides
Trimerocephalus,interruptus
Trimerocephalus,lelievrei
Trimerocephalus,(Trifoliops)
Trimerocephalus,mastophthalmus
Trimerocephalus,polonicus
Trimerocephalus,procurvus
Trimerocephalus,shotoriensis
Trimerocephalus,sponsor
Trimerocephalus?,Steinachensis
Trimerocephalus,tardispinosus
Trimerocephalus,(Trifoliops)
